fam,tf,period,mult,side,n_tr_months,total_all,mean_in_bleed,mean_normal,hedge_edge,wr_bleed,mIS,mOOS,tot_bleed,squeeze
bb,H4,10,1.5,both,121,-82438.3322726338,-326.802925051347,-755.7547084655552,428.95178341420814,0.3333333333333333,-181.63231718951067,-486.49059369936697,-6862.861426078288,
bb,H4,10,1.5,long,121,-40523.44277208165,-234.25158210565198,-356.04159547862963,121.79001337297765,0.3333333333333333,-5.711782814679282,-485.6453613257219,-4919.283224218691,
bb,H4,10,1.5,short,121,-48975.88657464783,-146.1489799190006,-459.06757996348824,312.9186000444877,0.42857142857142855,-203.34933213228297,-83.22859248438999,-3069.1285782990126,
bb,H4,10,2.0,both,121,-62760.95259203529,-329.0777314599626,-558.5032023137607,229.42547085379806,0.38095238095238093,-80.89445862667088,-602.0793315765834,-6910.632360659214,
bb,H4,10,2.0,long,121,-28488.906418708564,-167.3383388439355,-249.74801302985918,82.40967418592368,0.3333333333333333,47.24087423636584,-403.375473232267,-3514.1051157226457,
bb,H4,10,2.0,short,121,-36980.10188062181,-183.907812295335,-331.1803782241978,147.2725659288628,0.42857142857142855,-137.78836135560547,-234.6392083290375,-3862.064058202035,
bb,H4,10,2.5,both,121,-21846.5117460173,-31.239145446015147,-211.9048969165098,180.66575147049465,0.5238095238095238,7.615560389851288,-73.97932186546822,-656.0220543663181,
bb,H4,10,2.5,long,121,-13073.09258561616,-92.49458833589225,-111.3070623056242,18.812473969731954,0.38095238095238093,-69.26103551709076,-118.05149643657387,-1942.3863550537371,
bb,H4,10,2.5,short,121,-9059.4308335146,61.32051730215434,-103.47161696859841,164.79213427075274,0.6190476190476191,78.89541701712469,41.98812761568697,1287.7308633452412,
bb,H4,20,1.5,both,121,-63468.29311162823,-367.3367802152784,-557.5422072710738,190.20542705579544,0.38095238095238093,-284.97964055033754,-457.9296338467133,-7714.072384520846,
bb,H4,20,1.5,long,121,-27791.980622710907,-141.81788779510686,-248.13804979013665,106.32016199502979,0.3333333333333333,-89.56901118258652,-199.2916520688792,-2978.1756436972437,
bb,H4,20,1.5,short,121,-39429.53999767033,-255.11869200138625,-340.7204746564122,85.60178265502594,0.3333333333333333,-217.79550924304303,-296.1741930355638,-5357.492532029111,
bb,H4,20,2.0,both,121,-58199.89980447289,-348.4229459787179,-508.83017938919807,160.40723341048016,0.42857142857142855,-276.7709294082766,-427.24016420620336,-7316.881865553076,
bb,H4,20,2.0,long,121,-24971.833593976513,-173.23010445640543,-213.34001400391998,40.10990954751455,0.3333333333333333,-145.8774492432053,-203.31802519092562,-3637.8321935845142,
bb,H4,20,2.0,short,121,-35712.65501015958,-199.46969248160315,-315.23791468045914,115.768222198856,0.2857142857142857,-146.6177462755634,-257.60683330824685,-4188.863542113666,
bb,H4,20,2.5,both,121,-38777.84401245015,-348.4354007367604,-314.6070059697818,-33.82839476697859,0.38095238095238093,-160.7211731221473,-554.9210511128349,-7317.143415471969,
bb,H4,20,2.5,long,121,-17648.926195166438,-159.54227523008916,-142.98538415334565,-16.55689107674351,0.2857142857142857,-75.40205350242269,-252.0965191305223,-3350.3877798318726,
bb,H4,20,2.5,short,121,-21923.100537271042,-195.03085921425216,-178.2745249377175,-16.75633427653466,0.2857142857142857,-87.48160708208756,-313.33503655963324,-4095.6480434992955,
bb,H4,20,3.0,both,121,-18369.100668358056,-29.92710444534398,-177.4063147500583,147.47921030471431,0.5238095238095238,139.30278190297594,-216.07997942849588,-628.4691933522236,
bb,H4,20,3.0,long,120,-10289.50396048412,-101.09095590146708,-81.66593886553312,-19.425017035933962,0.2857142857142857,-54.494199132294106,-152.34738834755734,-2122.9100739308087,
bb,H4,20,3.0,short,120,-8227.477640178222,71.14979979753393,-97.21623435926435,168.36603415679826,0.47619047619047616,192.61236997686302,-62.45902739972807,1494.1457957482125,
bb,H4,40,1.5,both,121,-58500.19676851882,61.55335140061176,-597.9281714793167,659.4815228799284,0.47619047619047616,61.09166717789578,62.06120404559933,1292.620379412847,
bb,H4,40,1.5,long,121,-24183.519120480443,-18.542122250124606,-237.9413455322782,219.3992232821536,0.38095238095238093,-7.180282885500177,-31.04014555121148,-389.38456725261676,
bb,H4,40,1.5,short,121,-35941.94020000019,73.25833699122475,-374.80365276815905,448.0619897593838,0.38095238095238093,34.931326052106506,115.41804902425483,1538.4250768157199,
bb,H4,40,2.0,both,121,-58413.840640833856,-5.910327499281439,-582.8972376334895,576.986910134208,0.5238095238095238,79.00372595036532,-99.31578629389287,-124.11687748491022,
bb,H4,40,2.0,long,121,-26822.366740832524,-43.12497245994287,-259.16742319173727,216.04245073179442,0.38095238095238093,-16.68755383529242,-72.20613294705836,-905.6244216588002,
bb,H4,40,2.0,short,121,-33012.1343816301,36.41806499769787,-337.76913746581755,374.1872024635154,0.38095238095238093,72.13373638522667,-2.869173528583815,764.7793649516552,
bb,H4,40,2.5,both,121,-41187.85482252192,-42.27745024808718,-403.00028367312086,360.7228334250337,0.38095238095238093,32.373813763520296,-124.3938406608554,-887.8264552098308,
bb,H4,40,2.5,long,121,-18176.981251014637,-39.13959831814507,-173.55049686333595,134.4108985451909,0.3333333333333333,-20.823774497163456,-59.287004521224844,-821.9315646810464,
bb,H4,40,2.5,short,121,-23333.983683490937,1.707171530880736,-233.6983428563943,235.40551438727505,0.5238095238095238,44.96332373330965,-45.87459589179107,35.850602148495454,
bb,H4,40,3.0,both,121,-25881.690046446893,-131.81631108607954,-231.1354751363922,99.31916405031265,0.38095238095238093,-104.49357121361795,-161.87132494578728,-2768.1425328076702,
bb,H4,40,3.0,long,121,-12963.283373415277,-138.73294284950472,-100.49891573575677,-38.234027113747956,0.23809523809523808,-121.96094645660229,-157.1821388816974,-2913.391799839599,
bb,H4,40,3.0,short,121,-12982.18998598392,4.705660387079704,-130.81008854112594,135.51574892820565,0.47619047619047616,14.271856658095864,-5.817155511038072,98.81886812867378,
bb,H4,60,1.5,both,121,-48211.406861710704,100.19713899722176,-503.1554678065236,603.3526068037453,0.6666666666666666,105.7903368967532,94.04462130773717,2104.139918941657,
bb,H4,60,1.5,long,121,-22714.5806222171,-49.95642972768443,-216.65495597935725,166.69852625167283,0.47619047619047616,-12.422544311122776,-91.24370368590226,-1049.085024281373,
bb,H4,60,1.5,short,121,-26250.667058878895,142.07721573841403,-292.3428858938559,434.42010163226996,0.5238095238095238,96.38475651213759,192.3389208873181,2983.6215305066944,
bb,H4,60,2.0,both,121,-43138.759682488155,83.77026939094819,-448.9793533969807,532.7496227879288,0.5714285714285714,218.2328567788044,-64.13857673569365,1759.175657209912,
bb,H4,60,2.0,long,121,-21328.82466226461,-51.83982818573254,-202.40188270364234,150.56205451790981,0.42857142857142855,63.868081900798394,-179.11852928091656,-1088.6363919003834,
bb,H4,60,2.0,short,121,-22036.369488983924,132.91087509126305,-248.27497865900455,381.1858537502676,0.47619047619047616,137.41553547272187,127.95574867165833,2791.128376916524,
bb,H4,60,2.5,both,121,-32953.826751947236,93.4532998672667,-349.1634604915983,442.616760358865,0.6190476190476191,266.01050088320625,-96.35962125026681,1962.5192972126006,
bb,H4,60,2.5,long,121,-14487.571179798475,46.51295687106133,-154.64343274090766,201.156389611969,0.5238095238095238,102.52674187511069,-15.102206633392962,976.7720942922879,
bb,H4,60,2.5,short,121,-18628.34809511176,56.28065001778772,-198.10241745485305,254.3830674726408,0.5238095238095238,162.90170901993935,-61.00251488457907,1181.8936503735422,
bb,H4,60,3.0,both,121,-17006.446764586333,-21.76018995411899,-165.49482775549833,143.73463780137934,0.38095238095238093,4.7052969430943365,-50.87222554105365,-456.9639890364988,
bb,H4,60,3.0,long,121,-7320.065642589905,-9.182470427354755,-71.27233763615455,62.08986720879979,0.42857142857142855,51.028418900258245,-75.41444868772905,-192.83187897444986,
bb,H4,60,3.0,short,120,-9642.096506227397,-6.751488500601097,-95.00315247714774,88.25166397654664,0.3333333333333333,-42.44319820005628,32.50939216879961,-141.78125851262303,
bb,D1,10,1.5,both,121,-46352.35962672161,38.987832940012986,-471.711041184619,510.69887412463197,0.47619047619047616,79.48407811070295,-5.558036747745973,818.7444917402727,
bb,D1,10,1.5,long,121,-22066.205245824265,-52.188460933296916,-209.7024756622503,157.51401472895338,0.38095238095238093,-8.414587071041586,-100.33972218177777,-1095.9576795992352,
bb,D1,10,1.5,short,121,-25139.848144802007,87.79651040285769,-269.83574863262015,357.63225903547783,0.47619047619047616,83.52214710572463,92.49831002970404,1843.7267184600114,
bb,D1,10,2.0,both,121,-27993.992775568855,-40.575622329958215,-271.4190470663973,230.8434247364391,0.42857142857142855,54.40604915855891,-145.05546096732706,-852.0880689291225,
bb,D1,10,2.0,long,121,-12960.479389958498,-122.64153186615692,-103.85007220769202,-18.791459658464902,0.3333333333333333,-12.505727374457075,-243.79091680702678,-2575.4721691892955,
bb,D1,10,2.0,short,121,-15046.425849405205,80.2127713008941,-167.3089404672398,247.5217117681339,0.42857142857142855,72.06735566042765,89.1727285054072,1684.4681973187762,
bb,D1,10,2.5,both,120,-7659.472325779272,-70.5341391755344,-61.7825540309305,-8.751585144603908,0.47619047619047616,-91.95883365909388,-46.96697524361898,-1481.2169226862225,
bb,D1,10,2.5,long,103,-3322.5212931805854,-86.91747565577082,-14.972543044093982,-71.94493261167683,0.23809523809523808,-100.15139103655846,-72.36016873690441,-1825.2669887711872,
bb,D1,10,2.5,short,110,-4346.90195280369,18.136028591170803,-47.27758553218277,65.41361412335357,0.5238095238095238,7.777211822167208,29.530727037074758,380.85660041458686,
bb,D1,20,1.5,both,120,-37451.07837805533,-91.20891892987467,-355.3569108052797,264.14799187540507,0.47619047619047616,101.1556556213537,-302.80995093622585,-1915.387297527368,
bb,D1,20,1.5,long,120,-14810.295059379216,-46.88463588914211,-138.25717705707228,91.37254116793017,0.38095238095238093,119.08872458210845,-229.45533240751774,-984.5773536719844,
bb,D1,20,1.5,short,120,-23158.062768013144,-44.207939425912365,-222.2969604006898,178.08902097477744,0.5238095238095238,-18.260579283203864,-72.75003558289173,-928.3667279441597,
bb,D1,20,2.0,both,120,-28899.172777834123,-16.434884828680794,-285.5404019643182,269.10551713563746,0.5238095238095238,134.46969892893296,-182.42992696205593,-345.13258140229664,
bb,D1,20,2.0,long,120,-10252.013863799319,-13.283404616972152,-99.73062366842903,86.44721905145688,0.42857142857142855,138.615430100268,-180.3721228059363,-278.9514969564152,
bb,D1,20,2.0,short,120,-18668.184198478957,3.225245593875592,-187.35914355950342,190.58438915337902,0.42857142857142855,-1.8564920739165907,8.815157028446993,67.73015747138743,
bb,D1,20,2.5,both,119,-18376.47571232584,-175.62669535369375,-146.88315109898278,-28.74354425471097,0.38095238095238093,-159.01018063119855,-193.90486154843848,-3688.160602427569,
bb,D1,20,2.5,long,118,-4542.02781927869,-42.08015607882442,-36.58344541623377,-5.496710662590651,0.38095238095238093,-27.331290909419707,-58.303907765169605,-883.6832776553128,
bb,D1,20,2.5,short,117,-13782.710440519337,-136.59645290507902,-109.14184929512678,-27.454603609952244,0.2857142857142857,-131.84447968285102,-141.8236234495298,-2868.525511006659,
bb,D1,20,3.0,both,103,-5669.1951771302065,-135.51731342816268,-28.233315951387905,-107.28399747677477,0.2857142857142857,-264.8360490678708,6.733295775516308,-2845.863581991416,
bb,D1,20,3.0,long,76,-1899.0299747334884,-104.44659027880672,2.943484211214527,-107.39007449002125,0.14285714285714285,-182.61098310632804,-18.465758168533284,-2193.378395854941,
bb,D1,20,3.0,short,78,-3751.5702749807715,-31.394009270631397,-30.922960802975123,-0.4710484676562743,0.23809523809523808,-81.85854402361093,24.116978957646097,-659.2741946832593,
bb,D1,40,1.5,both,120,-32539.173107678882,-91.1946719258594,-306.2408499723584,215.046178046499,0.42857142857142855,57.162714830481406,-254.38779735783427,-1915.0881104430473,
bb,D1,40,1.5,long,120,-12417.955830158975,7.1111044769353,-125.67289024174613,132.78399471868144,0.38095238095238093,58.13747882941689,-49.017907310794456,149.3331940156413,
bb,D1,40,1.5,short,119,-20551.6409476955,-95.33356897221087,-185.49635999279067,90.1627910205798,0.42857142857142855,-12.4177138757631,-186.54100957830343,-2002.0049484164283,
bb,D1,40,2.0,both,119,-31873.874349273694,-135.3163100298667,-290.32231838646493,155.00600835659822,0.42857142857142855,-67.80987768785168,-209.57338560608324,-2841.642510627201,
bb,D1,40,2.0,long,116,-13013.388804365097,-22.350538216075922,-125.440275018275,103.08973680219908,0.38095238095238093,-9.064744598814617,-36.96491119506336,-469.3613025375944,
bb,D1,40,2.0,short,119,-19471.202937267393,-109.46871406697876,-171.72359941860842,62.25488535162965,0.3333333333333333,-63.430916987424844,-160.11029085448808,-2298.842995406554,
bb,D1,40,2.5,both,118,-30220.335260151434,-265.92837655165704,-246.35839352566632,-19.569983025990723,0.3333333333333333,-228.05002504271877,-307.5945632114892,-5584.495907584798,
bb,D1,40,2.5,long,113,-12697.78562275025,-89.53148350566178,-108.17624469131353,18.644761185651745,0.2857142857142857,-42.2941314894787,-141.4925707234632,-1880.1611536188975,
bb,D1,40,2.5,short,108,-18110.481195438246,-183.19321577956768,-142.63423664067324,-40.55897913889444,0.2857142857142857,-190.3308808791725,-175.3417841700024,-3847.0575313709214,
bb,D1,40,3.0,both,102,-17543.302148375144,-246.2720438064885,-123.71589228438884,-122.55615152209967,0.14285714285714285,-269.55896475845606,-220.65643075932422,-5171.712919936259,
bb,D1,40,3.0,long,79,-4284.341881127537,-98.1699417953404,-22.227731034253885,-75.94221076108653,0.14285714285714285,-140.66924710913884,-51.420705950162116,-2061.5687777021485,
bb,D1,40,3.0,short,80,-13459.262835762363,-151.0159753822459,-102.879273527352,-48.1367018548939,0.14285714285714285,-133.52311995686878,-170.25811635016072,-3171.3354830271637,
bb,D1,60,1.5,both,119,-35034.27667808084,-215.09930699374405,-305.17191231212206,90.07260531837801,0.3333333333333333,-0.683533246128966,-450.9566581161206,-4517.085446868625,
bb,D1,60,1.5,long,118,-13786.958139278398,-97.71109158205556,-117.3502521605523,19.639160578496742,0.3333333333333333,78.90860180253615,-291.9927543051064,-2051.9329232231667,
bb,D1,60,1.5,short,117,-21754.614475130198,-126.54549911354012,-190.97158993745856,64.42609082391844,0.42857142857142855,-87.65368456383212,-169.32649511821893,-2657.4554813843424,
bb,D1,60,2.0,both,119,-33695.61956023631,-318.9058171858707,-269.9859739933303,-48.91984319254044,0.23809523809523808,-200.69350076470303,-448.9393652491552,-6697.022160903285,
bb,D1,60,2.0,long,115,-12821.04804930453,-122.94943399583917,-102.39109935391907,-20.558334641920098,0.2857142857142857,-20.16185546222633,-236.0157703828133,-2581.9381139126226,
bb,D1,60,2.0,short,112,-21781.860514894823,-206.3798051850119,-174.47884606009575,-31.90095912491614,0.2857142857142857,-184.0605481900966,-230.93098787941872,-4333.97590888525,
bb,D1,60,2.5,both,116,-27935.125771956835,-293.38086540153216,-217.74127598524657,-75.63958941628559,0.23809523809523808,-295.63158100962886,-290.9050782326258,-6160.9981734321755,
bb,D1,60,2.5,long,109,-7699.153163785912,-91.55483553011047,-57.765016176535916,-33.78981935357455,0.3333333333333333,-35.96370582563759,-152.70507820503062,-1922.6515461323197,
bb,D1,60,2.5,short,99,-20673.201277500753,-214.8577506540251,-161.61188513766226,-53.24586551636284,0.19047619047619047,-264.98376048728824,-159.71913983743562,-4512.012763734527,
bb,D1,60,3.0,both,93,-18409.728407914365,-129.53640048064238,-156.89463997820877,27.358239497566387,0.3333333333333333,-148.03870315905658,-109.1838675343868,-2720.2644100934904,
bb,D1,60,3.0,long,73,-4767.669209216358,-4.140280350259543,-46.80723321860907,42.666952868349526,0.3333333333333333,-46.26948546850128,42.20184527980636,-86.9458873554504,
bb,D1,60,3.0,short,67,-13747.098445460324,-120.84402627219615,-112.09373893744205,-8.750287334754091,0.14285714285714285,-102.31217901083933,-141.22905825968866,-2537.724551716119,
sq,H4,20,2.0,both,121,-51599.71242918821,-323.3487330201473,-448.0938903576511,124.74515733750383,0.3333333333333333,-268.2014687078756,-384.01072376364607,-6790.323393423093,50.0
sq,H4,20,2.0,long,121,-21718.676619546237,-106.25945046778035,-194.87228159722846,88.61283112944811,0.2857142857142857,-85.06119127087649,-129.57753558437463,-2231.4484598233876,50.0
sq,H4,20,2.0,short,121,-31878.09591117856,-240.10678099677915,-268.358535102462,28.251754105682835,0.23809523809523808,-200.84219788651734,-283.29782241806714,-5042.242400932362,50.0
sq,H4,20,2.0,both,120,-55993.32677064207,-312.42313560477714,-494.3244092294175,181.90127362464034,0.3333333333333333,-213.4174846840805,-421.3293516175434,-6560.88584770032,100.0
sq,H4,20,2.0,long,120,-20976.37579449661,-89.87519962332581,-190.88996602406766,101.01476640074185,0.38095238095238093,-31.538313719848453,-154.0457741171509,-1887.379192089842,100.0
sq,H4,20,2.0,short,120,-37871.7026427817,-268.35297839382525,-322.3629009651137,54.00992257128843,0.23809523809523808,-213.93762019118233,-328.2098724167325,-5635.4125462703305,100.0
sq,H4,20,2.0,both,120,-57228.42529295027,-264.8658601381642,-516.6624223004882,251.796562162324,0.38095238095238093,-164.30287918377914,-375.4851391879877,-5562.183062901448,200.0
sq,H4,20,2.0,long,120,-24559.298058565837,-98.74156435896124,-224.85725207027653,126.11568771131529,0.3333333333333333,-24.39549786793412,-180.5222374990911,-2073.572851538186,200.0
sq,H4,20,2.0,short,120,-35547.86230605377,-204.4640502759903,-312.54117250257974,108.07712222658944,0.23809523809523808,-164.95643742537487,-247.92242441166727,-4293.745055795796,200.0
sq,H4,20,2.5,both,121,-42958.12825405792,-355.2124612189191,-354.9866656846062,-0.22579553431290833,0.2857142857142857,-228.2160125357842,-494.90855477036746,-7459.461685597301,50.0
sq,H4,20,2.5,long,121,-18715.523216319878,-143.17031489212792,-157.08946603585187,13.919151143723951,0.2857142857142857,-82.5208017529074,-209.88477934527046,-3006.576612734686,50.0
sq,H4,20,2.5,short,121,-25424.31077754278,-229.57355509106856,-206.03266120630346,-23.540893884765097,0.23809523809523808,-159.63017032784427,-306.51127833061526,-4821.04465691244,50.0
sq,H4,20,2.5,both,120,-46446.562337932104,-317.35942316395096,-397.8201445148914,80.46072135094045,0.3333333333333333,-140.251215481872,-512.1784516142378,-6664.547886442971,100.0
sq,H4,20,2.5,long,120,-18455.877024238147,-116.70864972665736,-160.04995379978342,43.34130407312607,0.3333333333333333,-59.12716242383183,-180.04828575976543,-2450.8816442598045,100.0
sq,H4,20,2.5,short,120,-29784.37127728876,-229.40708518558773,-249.66822488391418,20.261139698326446,0.23809523809523808,-99.30253544894335,-372.52208989589656,-4817.548788897342,100.0
sq,H4,20,2.5,both,120,-48071.62366557589,-258.5336519443382,-426.42416974744793,167.89051780310973,0.3333333333333333,-98.72982449068836,-434.31786214335307,-5429.206690831103,200.0
sq,H4,20,2.5,long,120,-20035.081518576542,-116.72525130007402,-175.83851241274988,59.11326111267586,0.3333333333333333,-41.306528913968414,-199.6858459247902,-2451.2302773015545,200.0
sq,H4,20,2.5,short,120,-29617.85159369939,-164.78077340461087,-261.5745535220256,96.79378011741474,0.2857142857142857,-68.41789386552806,-270.77994089760193,-3460.396241496828,200.0
sq,H4,40,2.0,both,121,-48474.23626744865,90.77674618551927,-503.80547937344556,594.5822255589649,0.5238095238095238,111.0053798235124,68.52524918372683,1906.3116698959047,50.0
sq,H4,40,2.0,long,121,-20079.631650498362,1.5682328143382274,-201.12564539599472,202.69387821033294,0.3333333333333333,35.013397315952304,-35.22144813743726,32.932889101102774,50.0
sq,H4,40,2.0,short,121,-29075.01254460868,83.95077069488737,-308.3797872920131,392.33055798690043,0.38095238095238093,55.086607242585494,115.70135049241944,1762.9661845926348,50.0
sq,H4,40,2.0,both,120,-53584.43259845894,106.41108264597815,-558.1906533402448,664.6017359862229,0.47619047619047616,216.36458068986312,-14.537765202295304,2234.632735565541,100.0
sq,H4,40,2.0,long,120,-22782.46230441128,4.162616435012318,-228.69877249546542,232.86138893047774,0.42857142857142855,100.36410079993551,-101.6590163664032,87.41494513525868,100.0
sq,H4,40,2.0,short,120,-31865.446851947112,93.36673940425793,-338.2614837943652,431.6282231986231,0.47619047619047616,98.19181039398494,88.05916131555823,1960.7015274894165,100.0
sq,H4,40,2.0,both,119,-51589.77582894941,96.58339583443124,-536.1802714147248,632.763667249156,0.47619047619047616,218.47299073713765,-37.49515855854579,2028.2513125230562,200.0
sq,H4,40,2.0,long,119,-20542.776124355812,1.9791333658705688,-205.84337925039085,207.82251261626143,0.38095238095238093,86.01689103100067,-90.46240006577254,41.561800683281945,200.0
sq,H4,40,2.0,short,119,-32429.45370050616,86.61191208334284,-342.4830385425636,429.09495062590645,0.42857142857142855,118.10215007786395,51.97265028936963,1818.8501537501998,200.0
sq,H4,40,2.5,both,121,-37687.995727392015,89.88736626081862,-395.756304188692,485.64367044951064,0.5238095238095238,150.7373517522912,22.952382220198796,1887.6346914771912,50.0
sq,H4,40,2.5,long,120,-15261.130856356474,-5.844286319145492,-151.38400843654418,145.5397221173987,0.47619047619047616,-11.42238001193205,0.29161674291972306,-122.73001270205532,50.0
sq,H4,40,2.5,short,121,-22437.14826884852,98.64358716976147,-245.08663599413507,343.73022316389654,0.5238095238095238,151.2763589634188,40.747538196738425,2071.515330564991,50.0
sq,H4,40,2.5,both,120,-42420.14822763009,90.84685080248325,-443.2793209448224,534.1261717473056,0.5238095238095238,230.1368083359811,-62.372102484364405,1907.783866852148,100.0
sq,H4,40,2.5,long,120,-16912.61890737486,-7.021016098383846,-167.65177569308798,160.63075959470413,0.47619047619047616,34.702977472732194,-52.917409026611494,-147.44133806606078,100.0
sq,H4,40,2.5,short,120,-25687.01201840419,102.20837067482509,-278.3338780257552,380.54224870058033,0.5714285714285714,184.09234139522778,12.136002882382126,2146.375784171327,100.0
sq,H4,40,2.5,both,119,-43866.83311569559,72.49056014584043,-453.89134878758244,526.3819089334229,0.47619047619047616,189.23371223738675,-55.92690715486051,1522.3017630626491,200.0
sq,H4,40,2.5,long,119,-17424.788609951516,-22.526499113999698,-169.51732128557515,146.99082217157545,0.42857142857142855,26.97041808801557,-76.97310803621649,-473.05648139399364,200.0
sq,H4,40,2.5,short,119,-26890.267784248652,103.0767299513292,-290.5487911322656,393.6255210835948,0.5714285714285714,158.82316772247313,41.75564840307088,2164.611328977913,200.0
sq,D1,20,2.0,both,118,-26149.28378345382,-55.414718999300064,-249.85574684468517,194.44102784538512,0.47619047619047616,112.43374511173343,-240.04802952143692,-1163.7090989853014,50.0
sq,D1,20,2.0,long,118,-7691.971073861079,-50.52386514731266,-66.30969905767513,15.78583391036247,0.38095238095238093,125.60821723479454,-244.2691557676306,-1061.0011680935659,50.0
sq,D1,20,2.0,short,118,-18456.728454885102,-0.1163276065548243,-184.5428557514745,184.42652814491967,0.5238095238095238,-8.853295482197195,9.494337056651784,-2.4428797376513103,50.0
sq,D1,20,2.0,both,116,-25521.349099803905,-9.183909850596267,-253.28486992941376,244.10096007881748,0.47619047619047616,113.00335412645713,-143.589900225355,-192.8621068625216,100.0
sq,D1,20,2.0,long,115,-5402.893380851847,-2.922382291564039,-53.41523352729002,50.49285123572598,0.3333333333333333,153.83499462071333,-175.35549689506917,-61.370028122844815,100.0
sq,D1,20,2.0,short,116,-19946.087976735216,-4.403310497893385,-198.53618456279452,194.13287406490113,0.47619047619047616,-41.28132706526032,36.162507726210244,-92.46952045576109,100.0
sq,D1,20,2.0,both,113,-25260.23065888819,-0.6730795377413111,-252.4609598859562,251.7878803482149,0.42857142857142855,75.29206811622771,-84.23474195710723,-14.134670292567534,200.0
sq,D1,20,2.0,long,112,-7148.137251775703,-3.121631236926381,-70.82582995800249,67.70419872107611,0.3333333333333333,108.33229190267544,-125.72094669048838,-65.554255975454,200.0
sq,D1,20,2.0,short,113,-18054.579369216364,2.4651371145924452,-181.063472486228,183.52860960082043,0.47619047619047616,-35.40477074940513,44.122035764989775,51.76787940644135,200.0
sq,D1,20,2.5,both,118,-23688.286088201043,-85.37650234815352,-218.95379538889813,133.57729304074462,0.2857142857142857,71.77536746770998,-258.2435591456034,-1792.906549311224,50.0
sq,D1,20,2.5,long,117,-9529.424152256515,-56.739185886730496,-83.37901248635175,26.63982659962126,0.42857142857142855,94.99695587093397,-223.6489418201614,-1191.5229036213404,50.0
sq,D1,20,2.5,short,118,-14221.80844840595,-28.689108771817786,-136.19337164197776,107.50426287015998,0.38095238095238093,-22.007667824191728,-36.038693814206454,-602.4712842081735,50.0
sq,D1,20,2.5,both,116,-23180.857698574462,-68.33779091861358,-217.4576408928358,149.11984997422223,0.3333333333333333,81.23728374065121,-232.87037304380482,-1435.093609290885,100.0
sq,D1,20,2.5,long,115,-7132.816493357066,-23.231591667284928,-66.44953068344083,43.217939016155896,0.42857142857142855,97.99983244985775,-156.58615819614187,-487.8634250129835,100.0
sq,D1,20,2.5,short,116,-16072.306905862242,-42.76993288094317,-151.74138315362435,108.97145027268118,0.38095238095238093,-18.343403819984484,-69.63911484799773,-898.1685904998067,100.0
sq,D1,20,2.5,both,112,-24295.442686684535,-14.079214748466256,-239.99779176966746,225.9185770212012,0.3333333333333333,64.00839754451086,-99.97558827074108,-295.6635097177914,200.0
sq,D1,20,2.5,long,111,-9323.05823124801,-4.813990900518894,-92.21964422337112,87.40565332285223,0.3333333333333333,80.02823387724708,-98.14043815606146,-101.09380891089677,200.0
sq,D1,20,2.5,short,112,-14897.75069354677,-5.690473196114475,-147.78250756428366,142.09203436816918,0.3333333333333333,-18.394651031082255,8.284122422350084,-119.49993711840398,200.0
sq,D1,40,2.0,both,118,-24086.893213002208,-83.18247829585466,-223.4006116878926,140.21813339203794,0.42857142857142855,12.868758320129018,-188.8388385734367,-1746.832044212948,50.0
sq,D1,40,2.0,long,114,-11575.46022393114,-26.82291628733713,-110.12178981897063,83.29887353163349,0.38095238095238093,39.23222266916293,-99.48356913948719,-563.2812420340797,50.0
sq,D1,40,2.0,short,116,-12996.178218946912,-61.62822550964839,-117.01985483244296,55.39162932279457,0.3333333333333333,-37.21431981164857,-88.48352177744819,-1294.1927357026161,50.0
sq,D1,40,2.0,both,115,-26650.790014555758,-137.7180823977635,-237.58710284202732,99.86902044426381,0.38095238095238093,-96.67067418469982,-182.87023143213355,-2892.0797303530335,100.0
sq,D1,40,2.0,long,113,-11810.401487781583,-30.867373834116474,-111.62186637265138,80.7544925385349,0.38095238095238093,7.596122033415503,-73.17721928840164,-648.214850516446,100.0
sq,D1,40,2.0,short,114,-15249.192398488209,-108.89033375957098,-129.6249538953722,20.734620135801208,0.3333333333333333,-113.90866201407219,-103.37017267961964,-2286.6970089509905,100.0
sq,D1,40,2.0,both,112,-26885.076636256337,-112.47625034095324,-245.23075379096315,132.7545034500099,0.42857142857142855,-82.91176010155984,-144.997189604286,-2362.001257160018,200.0
sq,D1,40,2.0,long,110,-13561.830897665812,-36.13213258315946,-128.03056113419464,91.89842855103518,0.38095238095238093,5.334679263252838,-81.74562561421298,-758.7747842463486,200.0
sq,D1,40,2.0,short,112,-13633.106252244675,-75.72995374001307,-120.42777223704401,44.69781849703094,0.38095238095238093,-95.82999959356394,-53.619903301107115,-1590.3290285402745,200.0
sq,D1,40,2.5,both,117,-24497.633328096526,-105.13914929087302,-222.8971119298819,117.75796263900888,0.3333333333333333,-69.41933544899835,-144.43094451693514,-2207.9221351083334,50.0
sq,D1,40,2.5,long,109,-11124.751803385507,-50.684881370603065,-100.60369294602842,49.91881157542535,0.2857142857142857,-9.404039936553916,-96.09380694805714,-1064.3825087826644,50.0
sq,D1,40,2.5,short,114,-13958.142762320242,-60.62348750279385,-126.85049524761571,66.22700774482186,0.38095238095238093,-63.40354441719401,-57.565424896953665,-1273.0932375586708,50.0
sq,D1,40,2.5,both,115,-22436.839137003622,-138.76149001372042,-195.22847846715496,56.46698845343454,0.38095238095238093,-119.01674070309242,-160.48071425541121,-2913.9912902881288,100.0
sq,D1,40,2.5,long,110,-10273.777084442248,-48.732597876429885,-92.50392529037221,43.77132741394232,0.3333333333333333,-10.149920820517847,-91.17354263793314,-1023.3845554050276,100.0
sq,D1,40,2.5,short,113,-12663.37969171733,-95.9541914297186,-106.48341671693238,10.529225287213777,0.3333333333333333,-114.26316402031013,-75.81432158006791,-2015.0380200240907,100.0
sq,D1,40,2.5,both,112,-24491.99422585463,-108.10749583233022,-222.21736813375685,114.10987230142663,0.3333333333333333,-81.87119808798012,-136.96742335111531,-2270.2574124789344,200.0
sq,D1,40,2.5,long,107,-12381.471809838706,-49.91389659619043,-113.33279981318707,63.41890321699663,0.2857142857142857,6.579623567688693,-112.05676877645746,-1048.191828519999,200.0
sq,D1,40,2.5,short,110,-12620.847597532267,-63.50407530540534,-112.87262016118756,49.36854485578222,0.38095238095238093,-92.66207995996741,-31.43027018538705,-1333.585581413512,200.0
