config,start,end,trough,dow,hour_utc,dd_m1,dd_h4_aligned,gap_pp,max_m1gap_min_2d,weekend_gap,top_unreal
d0_rob_s0,2019-01-02 22:34,2019-01-02 23:59,2019-01-02 22:39,Wed,22,-0.09808638710480844,-0.007409957312904392,-9.067642979190405,1442,True,GBPJPYL:-8.6%; USDJPYL:-2.1%
d0_rob_s0,2020-03-18 16:53,2020-03-19 23:27,2020-03-19 01:58,Thu,1,-0.12393461384639659,-0.05562413693179913,-6.831047691459746,1,False,EURAUDS:-3.4%; GBPCHFL:-3.4%; AUDCHFL:-2.6%
d0_rob_s0,2016-10-06 23:07,2016-10-06 23:21,2016-10-06 23:09,Thu,23,-0.048947078876880434,-0.003297809491371928,-4.564926938550851,6,False,GBPCHFL:-2.6%; GBPUSDL:-2.5%; USDJPYS:+0.1%
d0_rob_s0,2022-09-26 00:57,2022-09-26 03:59,2022-09-26 00:59,Mon,0,-0.07727498625464224,-0.03998291360618511,-3.729207264845713,2881,True,GBPUSDL:-3.2%; EURUSDL:-1.7%; NZDCADL:-1.1%
d0_rob_s0,2024-12-18 21:46,2024-12-18 23:59,2024-12-18 23:51,Wed,23,-0.0426533314759171,-0.011312764430736477,-3.1340567045180623,4,False,NZDUSDL:-1.7%; AUDUSDL:-0.8%; USDCADS:-0.5%
d0_rob_s0,2024-04-29 01:35,2024-04-29 03:59,2024-04-29 01:35,Mon,1,-0.07783302603831432,-0.047887554340638516,-2.9945471697675807,2885,True,USDJPYS:-3.3%; GBPJPYS:-3.2%; EURJPYS:-1.6%
d0_rob_s0,2021-02-24 01:22,2021-02-24 03:04,2021-02-24 01:23,Wed,1,-0.10341935421467441,-0.0740478722249126,-2.9371481989761805,5,False,
d0_rob_s0,2022-11-28 08:52,2022-11-28 11:59,2022-11-28 09:19,Mon,9,-0.03315542536069138,-0.0038422429195964503,-2.931318244109493,2881,True,
d0_rob_s0,2023-01-18 14:15,2023-01-18 14:43,2023-01-18 14:30,Wed,14,-0.03217914304422831,-0.003612285708952667,-2.856685733527564,4,False,
d0_rob_s0,2022-10-13 12:30,2022-10-14 15:49,2022-10-13 12:45,Thu,12,-0.04369704386665196,-0.015604015702844198,-2.8093028163807765,2,False,
d0_rob_s0,2017-04-18 13:26,2017-04-18 19:51,2017-04-18 14:19,Tue,14,-0.03351944708878152,-0.005657537012612401,-2.7861910076169116,2884,True,
d0_rob_s0,2018-12-20 17:33,2018-12-20 19:59,2018-12-20 19:10,Thu,19,-0.027502634028024442,0.0,-2.750263402802444,1,False,
d0_rob_s0,2022-12-14 20:10,2022-12-14 23:35,2022-12-14 20:12,Wed,20,-0.03279376857412608,-0.00543474561745827,-2.735902295666781,4,False,
d0_rob_s0,2022-09-27 15:25,2022-09-28 03:08,2022-09-28 02:31,Wed,2,-0.10145288203552083,-0.07417070199756659,-2.728218003795424,2,False,
d0_rob_s0,2017-11-17 06:39,2017-11-17 11:02,2017-11-17 07:51,Fri,7,-0.0608443233694721,-0.03421223622596925,-2.6632087143502847,1,False,
d0_rob_s0,2016-12-02 15:07,2016-12-05 01:24,2016-12-02 19:37,Fri,19,-0.04650336232352692,-0.02093687232880026,-2.556648999472666,2,False,
d0_rob_s0,2018-01-25 02:49,2018-01-25 14:06,2018-01-25 03:31,Thu,3,-0.02605781097090898,-0.0005203265851166927,-2.5537484385792286,1,False,
d0_rob_s0,2017-07-28 00:59,2017-07-28 03:14,2017-07-28 02:40,Fri,2,-0.05309586436279412,-0.028358098339410387,-2.4737766023383734,1,False,
d0_rob_s0,2019-08-26 05:00,2019-08-26 05:55,2019-08-26 05:09,Mon,5,-0.024399436301333566,0.0,-2.4399436301333566,2881,True,
d0_rob_s0,2024-05-17 14:30,2024-05-17 15:59,2024-05-17 14:56,Fri,14,-0.03482667807258111,-0.011080566457867591,-2.3746111614713517,3,False,
d0_rob_s0,2016-12-01 13:56,2016-12-01 14:22,2016-12-01 14:05,Thu,14,-0.036323732756676885,-0.012666344691186215,-2.365738806549067,2,False,
d0_rob_s0,2024-12-24 22:58,2024-12-24 23:00,2024-12-24 23:00,Tue,23,-0.0479362352986924,-0.024360450668908462,-2.3575784629783936,11,False,
d0_rob_s0,2017-11-15 01:15,2017-11-15 03:54,2017-11-15 02:21,Wed,2,-0.03992873701543509,-0.017214518763531084,-2.2714218251904006,1,False,
d0_rob_s0,2021-11-30 06:01,2021-11-30 06:15,2021-11-30 06:06,Tue,6,-0.08365482584486506,-0.06135579592087881,-2.2299029923986247,2881,True,
d0_rob_s0,2023-03-10 18:46,2023-03-10 19:41,2023-03-10 18:49,Fri,18,-0.03158491816393305,-0.010213030795811928,-2.1371887368121123,4,False,
d0_rob_s0,2025-07-02 13:15,2025-07-02 14:27,2025-07-02 14:26,Wed,14,-0.06915895912419934,-0.04779618776827832,-2.1362771355921018,2,False,
d0_rob_s0,2024-05-15 19:58,2024-05-15 19:59,2024-05-15 19:59,Wed,19,-0.03037236806150634,-0.009856854283084804,-2.0515513778421535,4,False,
d0_rob_s0,2019-01-24 23:49,2019-01-24 23:56,2019-01-24 23:49,Thu,23,-0.048213178889420005,-0.02790320731393503,-2.0309971575484975,1,False,
d1_rob_s0,2019-01-02 22:34,2019-01-02 23:59,2019-01-02 22:39,Wed,22,-0.10274736711729648,-0.005801278431214918,-9.694608868608157,1442,True,GBPJPYL:-8.5%; USDJPYL:-2.2%
d1_rob_s0,2020-03-18 16:53,2020-03-19 23:36,2020-03-19 01:58,Thu,1,-0.10392715946413544,-0.040567417136534556,-6.335974232760089,1,False,GBPCHFL:-3.2%; EURAUDS:-3.2%; AUDCHFL:-2.7%
d1_rob_s0,2016-10-06 23:07,2016-10-06 23:22,2016-10-06 23:09,Thu,23,-0.051415909485152844,-0.0034951853796186816,-4.792072410553416,6,False,GBPCHFL:-2.8%; GBPUSDL:-2.7%; EURJPYS:+0.1%
d1_rob_s0,2022-09-26 00:57,2022-09-26 03:59,2022-09-26 00:59,Mon,0,-0.07178139315164755,-0.03116097799010842,-4.062041516153913,2881,True,GBPUSDL:-2.9%; NZDCADL:-1.7%; EURUSDL:-1.6%
d1_rob_s0,2024-04-29 01:35,2024-04-29 03:59,2024-04-29 01:35,Mon,1,-0.08266135166264177,-0.05076946816855343,-3.1891883494088336,2885,True,GBPJPYS:-3.5%; USDJPYS:-3.5%; EURJPYS:-1.7%
d1_rob_s0,2021-02-24 01:18,2021-02-24 03:44,2021-02-24 01:23,Wed,1,-0.10811622462006043,-0.07666547544576974,-3.1450749174290693,5,False,GBPCHFS:-2.7%; AUDCHFS:-1.6%; AUDCADS:-1.5%
d1_rob_s0,2022-11-28 08:42,2022-11-28 11:59,2022-11-28 09:19,Mon,9,-0.03555967495065249,-0.004127281094293389,-3.1432393856359098,2881,True,
d1_rob_s0,2017-11-17 05:28,2017-11-17 11:04,2017-11-17 07:51,Fri,7,-0.0602655852079671,-0.030446569694794645,-2.9819015513172453,1,False,
d1_rob_s0,2022-09-27 14:03,2022-09-28 03:59,2022-09-28 02:31,Wed,2,-0.09832320678546724,-0.06851587459142106,-2.9807332194046188,2,False,
d1_rob_s0,2017-04-18 17:41,2017-04-18 19:59,2017-04-18 17:41,Tue,17,-0.03581121792674946,-0.007360775390457319,-2.845044253629214,2884,True,
d1_rob_s0,2016-12-02 07:10,2016-12-05 03:59,2016-12-02 19:37,Fri,19,-0.05068420439032506,-0.02328803917467903,-2.739616521564603,2,False,
d1_rob_s0,2024-05-17 13:58,2024-05-17 19:43,2024-05-17 14:56,Fri,14,-0.03131702348655441,-0.004987604354525277,-2.632941913202913,3,False,
d1_rob_s0,2024-12-24 22:58,2024-12-24 23:01,2024-12-24 23:00,Tue,23,-0.04712426063300379,-0.02087091251358142,-2.625334811942237,11,False,
d1_rob_s0,2018-01-25 02:49,2018-01-25 14:06,2018-01-25 03:31,Thu,3,-0.028069681204912267,-0.002015714090894294,-2.6053967114017973,1,False,
d1_rob_s0,2017-07-28 00:59,2017-07-28 03:16,2017-07-28 02:40,Fri,2,-0.05229395847548712,-0.02629165078179052,-2.6002307693696602,1,False,
d1_rob_s0,2017-11-15 00:54,2017-11-15 03:59,2017-11-15 02:21,Wed,2,-0.040747865188034194,-0.015148043136109401,-2.559982205192479,1,False,
d1_rob_s0,2018-12-20 18:24,2018-12-20 19:34,2018-12-20 19:12,Thu,19,-0.037892587708052816,-0.012974847894620889,-2.4917739813431927,1,False,
d1_rob_s0,2023-03-08 17:55,2023-03-08 19:59,2023-03-08 18:50,Wed,18,-0.024885886166853166,0.0,-2.4885886166853166,7,False,
d1_rob_s0,2024-12-20 10:30,2024-12-20 11:59,2024-12-20 11:58,Fri,11,-0.03128172799679896,-0.006981524498245406,-2.430020349855355,4,False,
d1_rob_s0,2021-11-30 05:56,2021-11-30 06:18,2021-11-30 06:06,Tue,6,-0.07768232039577116,-0.053675356924168804,-2.400696347160236,2881,True,
d1_rob_s0,2022-10-14 14:58,2022-10-14 15:59,2022-10-14 15:00,Fri,15,-0.02339535693663297,0.0,-2.339535693663297,2,False,
d1_rob_s0,2025-07-02 12:35,2025-07-02 15:56,2025-07-02 14:26,Wed,14,-0.06781044993196539,-0.044523508233106246,-2.3286941698859143,2,False,
d1_rob_s0,2023-03-10 18:43,2023-03-10 19:59,2023-03-10 18:49,Fri,18,-0.033523124986184705,-0.01034450661005959,-2.3178618376125115,4,False,
d1_rob_s0,2019-01-24 23:48,2019-01-24 23:59,2019-01-24 23:49,Thu,23,-0.0431215389937164,-0.02014043400526122,-2.298110498845518,1,False,
d1_rob_s0,2022-12-14 20:12,2022-12-14 20:13,2022-12-14 20:12,Wed,20,-0.03578908588740426,-0.014941573223524629,-2.084751266387963,4,False,
d1_rob_s0,2024-11-22 09:14,2024-11-22 09:14,2024-11-22 09:14,Fri,9,-0.03056411102811063,-0.009831067428703655,-2.0733043599406975,10,False,
d1_rob_s0,2023-02-28 07:58,2023-02-28 07:59,2023-02-28 07:58,Tue,7,-0.023277119565618065,-0.0029629912427947547,-2.031412832282331,2881,True,
d0_rob_m5,2019-01-02 22:34,2019-01-02 23:59,2019-01-02 22:39,Wed,22,-0.09815731494060365,-0.00741531672281992,-9.074199821778372,1442,True,GBPJPYL:-8.6%; USDJPYL:-2.1%
d0_rob_m5,2020-03-18 16:53,2020-03-19 23:28,2020-03-19 01:58,Thu,1,-0.12402302679318367,-0.055664017759325723,-6.835900903385794,1,False,EURAUDS:-3.4%; GBPCHFL:-3.4%; AUDCHFL:-2.6%
d0_rob_m5,2016-10-06 23:07,2016-10-06 23:21,2016-10-06 23:09,Thu,23,-0.04898246299202891,-0.003300198446609892,-4.568226454541902,6,False,GBPCHFL:-2.6%; GBPUSDL:-2.5%; USDJPYS:+0.1%
d0_rob_m5,2022-09-26 00:57,2022-09-26 03:59,2022-09-26 00:59,Mon,0,-0.07733039773059724,-0.040011609928941594,-3.731878780165565,2881,True,GBPUSDL:-3.2%; EURUSDL:-1.7%; NZDCADL:-1.1%
d0_rob_m5,2024-12-18 21:46,2024-12-18 23:59,2024-12-18 23:51,Wed,23,-0.04268413520840675,-0.01132096066403765,-3.13631745443691,4,False,NZDUSDL:-1.7%; AUDUSDL:-0.8%; USDCADS:-0.5%
d0_rob_m5,2024-04-29 01:35,2024-04-29 03:59,2024-04-29 01:35,Mon,1,-0.07788926454526912,-0.04792224944721546,-2.996701509805366,2885,True,USDJPYS:-3.3%; GBPJPYS:-3.2%; EURJPYS:-1.6%
d0_rob_m5,2021-02-24 01:22,2021-02-24 03:04,2021-02-24 01:23,Wed,1,-0.1034933794217483,-0.07410100214014059,-2.9392377281607707,5,False,
d0_rob_m5,2022-11-28 08:52,2022-11-28 11:59,2022-11-28 09:19,Mon,9,-0.03317927054282521,-0.0038450263568124976,-2.9334244186012715,2881,True,
d0_rob_m5,2023-01-18 14:15,2023-01-18 14:43,2023-01-18 14:30,Wed,14,-0.03220231429688636,-0.003614855362282454,-2.8587458934603904,4,False,
d0_rob_m5,2022-10-13 12:30,2022-10-14 15:49,2022-10-13 12:45,Thu,12,-0.043728139016664946,-0.015615266758343127,-2.811287225832182,2,False,
d0_rob_m5,2017-04-18 13:26,2017-04-18 19:51,2017-04-18 14:19,Tue,14,-0.033543758450248484,-0.005661643744538591,-2.7882114705709893,2884,True,
d0_rob_m5,2018-12-20 17:33,2018-12-20 19:59,2018-12-20 19:10,Thu,19,-0.027522458505472303,0.0,-2.7522458505472303,1,False,
d0_rob_m5,2022-12-14 20:10,2022-12-14 23:35,2022-12-14 20:12,Wed,20,-0.03281799704605648,-0.0054387125355082055,-2.7379284510548274,4,False,
d0_rob_m5,2022-09-27 15:25,2022-09-28 03:08,2022-09-28 02:31,Wed,2,-0.10152551319846215,-0.07422394260982901,-2.730157058863314,2,False,
d0_rob_m5,2017-11-17 06:39,2017-11-17 11:02,2017-11-17 07:51,Fri,7,-0.06088839782743416,-0.03423702340080903,-2.665137442662513,1,False,
d0_rob_m5,2016-12-02 15:07,2016-12-05 01:24,2016-12-02 19:37,Fri,19,-0.04653632462492818,-0.020951838955932334,-2.558448566899585,2,False,
d0_rob_m5,2018-01-25 02:49,2018-01-25 14:06,2018-01-25 03:31,Thu,3,-0.026076494276048967,-0.0005208209267015818,-2.5555673349347385,1,False,
d0_rob_m5,2017-07-28 00:59,2017-07-28 03:14,2017-07-28 02:40,Fri,2,-0.05313438501736445,-0.028378909305840083,-2.4755475711524366,1,False,
d0_rob_m5,2019-08-26 05:00,2019-08-26 05:59,2019-08-26 05:09,Mon,5,-0.02441659179084299,0.0,-2.441659179084299,2881,True,
d0_rob_m5,2024-05-17 14:30,2024-05-17 15:59,2024-05-17 14:56,Fri,14,-0.034851584738697095,-0.011088603839385813,-2.376298089931128,3,False,
d0_rob_m5,2016-12-01 13:56,2016-12-01 14:26,2016-12-01 14:05,Thu,14,-0.036349858482858655,-0.012675451953022554,-2.36744065298361,2,False,
d0_rob_m5,2024-12-24 22:58,2024-12-24 23:00,2024-12-24 23:00,Tue,23,-0.047970854281960684,-0.024378100107136147,-2.3592754174824537,11,False,
d0_rob_m5,2017-11-15 01:15,2017-11-15 03:54,2017-11-15 02:21,Wed,2,-0.039957660624797664,-0.01722699088852031,-2.2730669736277354,1,False,
d0_rob_m5,2021-11-30 06:01,2021-11-30 06:15,2021-11-30 06:06,Tue,6,-0.08371397335701192,-0.061399541842239835,-2.231443151477208,2881,True,
d0_rob_m5,2023-03-10 18:46,2023-03-10 19:41,2023-03-10 18:49,Fri,18,-0.03160765029552859,-0.010220428705948081,-2.1387221589580507,4,False,
d0_rob_m5,2025-07-02 13:09,2025-07-02 14:27,2025-07-02 14:26,Wed,14,-0.06920880505021898,-0.04783073700208551,-2.137806804813347,2,False,
d0_rob_m5,2024-05-15 19:56,2024-05-15 19:59,2024-05-15 19:59,Wed,19,-0.03039410703550638,-0.009864012763765806,-2.0530094271740573,4,False,
d0_rob_m5,2019-01-24 23:49,2019-01-24 23:56,2019-01-24 23:49,Thu,23,-0.048248020502312694,-0.027923382609084002,-2.032463789322869,1,False,
d0_rob_m5,2025-06-30 15:59,2025-06-30 15:59,2025-06-30 15:59,Mon,15,-0.051399859096236344,-0.03139593847551936,-2.0003920620716986,2881,True,
d1_rob_m5,2019-01-02 22:33,2019-01-02 23:59,2019-01-02 22:39,Wed,22,-0.10482552043003923,-0.0059633316808667125,-9.886218874917251,1442,True,GBPJPYL:-8.7%; USDJPYL:-2.2%
d1_rob_m5,2020-03-18 16:52,2020-03-19 23:36,2020-03-19 01:58,Thu,1,-0.10598009135392028,-0.041378157449446284,-6.460193390447399,1,False,GBPCHFL:-3.3%; EURAUDS:-3.3%; AUDCHFL:-2.8%
d1_rob_m5,2016-10-06 23:07,2016-10-06 23:31,2016-10-06 23:09,Thu,23,-0.0524408331141476,-0.003564920919136072,-4.887591219501153,6,False,GBPCHFL:-2.9%; GBPUSDL:-2.7%; EURJPYS:+0.1%
d1_rob_m5,2022-09-26 00:57,2022-09-26 03:59,2022-09-26 00:59,Mon,0,-0.0732060284188859,-0.03177958047166629,-4.142644794721962,2881,True,GBPUSDL:-3.0%; NZDCADL:-1.7%; EURUSDL:-1.6%
d1_rob_m5,2024-04-29 01:35,2024-04-29 03:59,2024-04-29 01:35,Mon,1,-0.08430581987596153,-0.051782050550913894,-3.2523769325047636,2885,True,GBPJPYS:-3.6%; USDJPYS:-3.6%; EURJPYS:-1.8%
d1_rob_m5,2021-02-24 01:18,2021-02-24 03:44,2021-02-24 01:23,Wed,1,-0.11023871803990015,-0.07817500597053462,-3.2063712069365535,5,False,GBPCHFS:-2.8%; AUDCHFS:-1.7%; AUDCADS:-1.5%
d1_rob_m5,2022-11-28 08:41,2022-11-28 11:59,2022-11-28 09:19,Mon,9,-0.03626113325246749,-0.004209344751331057,-3.2051788501136436,2881,True,
d1_rob_m5,2017-11-17 05:28,2017-11-17 11:05,2017-11-17 07:51,Fri,7,-0.061466277158584215,-0.031054028815342805,-3.041224834324141,1,False,
d1_rob_m5,2022-09-27 14:02,2022-09-28 03:59,2022-09-28 02:31,Wed,2,-0.10027239999134263,-0.0698776021317421,-3.039479785960053,2,False,
d1_rob_m5,2017-04-18 17:41,2017-04-18 19:59,2017-04-18 17:41,Tue,17,-0.0365229906396064,-0.007506936312850487,-2.9016054326755913,2884,True,
d1_rob_m5,2016-12-02 07:06,2016-12-05 03:59,2016-12-02 19:37,Fri,19,-0.05166713166220804,-0.023743858622043312,-2.792327304016473,2,False,
d1_rob_m5,2024-05-17 07:16,2024-05-17 19:53,2024-05-17 14:56,Fri,14,-0.03193305073495856,-0.005088442590390874,-2.6844608144567683,3,False,
d1_rob_m5,2024-12-24 22:42,2024-12-24 23:01,2024-12-24 23:00,Tue,23,-0.04804968841960511,-0.02128268525141508,-2.676700316819003,11,False,
d1_rob_m5,2018-01-25 02:47,2018-01-25 14:06,2018-01-25 03:31,Thu,3,-0.028624125939632372,-0.0020584349882502018,-2.656569095138217,1,False,
d1_rob_m5,2017-07-28 00:59,2017-07-28 03:18,2017-07-28 02:40,Fri,2,-0.053335739986217545,-0.02681874796589656,-2.6516992020320984,1,False,
d1_rob_m5,2017-11-15 00:54,2017-11-15 03:59,2017-11-15 02:21,Wed,2,-0.041559698899882536,-0.015450271500543344,-2.610942739933919,1,False,
d1_rob_m5,2018-12-20 18:24,2018-12-20 19:35,2018-12-20 19:12,Thu,19,-0.038687506247047976,-0.013279354364783114,-2.540815188226486,1,False,
d1_rob_m5,2023-03-08 17:55,2023-03-08 19:59,2023-03-08 18:50,Wed,18,-0.025371324476095802,0.0,-2.5371324476095802,7,False,
d1_rob_m5,2024-12-20 10:30,2024-12-20 11:59,2024-12-20 11:58,Fri,11,-0.03189789281637212,-0.007119994609698921,-2.47778982066732,4,False,
d1_rob_m5,2021-11-30 05:47,2021-11-30 06:18,2021-11-30 06:06,Tue,6,-0.0791968111111564,-0.054735575201037,-2.4461235910119394,2881,True,
d1_rob_m5,2022-10-14 14:58,2022-10-14 15:59,2022-10-14 15:00,Fri,15,-0.02384772568149096,0.0,-2.384772568149096,2,False,
d1_rob_m5,2025-07-02 12:35,2025-07-02 15:57,2025-07-02 14:26,Wed,14,-0.06915534391305544,-0.04540981745090911,-2.374552646214634,2,False,
d1_rob_m5,2023-03-10 18:35,2023-03-10 19:59,2023-03-10 18:49,Fri,18,-0.03417491000304518,-0.010547132365155254,-2.3627777637889924,4,False,
d1_rob_m5,2019-01-24 23:48,2019-01-24 23:59,2019-01-24 23:49,Thu,23,-0.04397639526656549,-0.020539938287619686,-2.3436456978945808,1,False,
d1_rob_m5,2022-12-14 20:12,2022-12-14 20:13,2022-12-14 20:12,Wed,20,-0.03652562403153292,-0.015197337040219083,-2.132828699131384,4,False,
d1_rob_m5,2024-11-22 09:14,2024-11-22 09:14,2024-11-22 09:14,Fri,9,-0.031173612637950154,-0.010027327627505689,-2.1146285010444466,10,False,
d1_rob_m5,2023-02-28 07:57,2023-02-28 07:59,2023-02-28 07:58,Tue,7,-0.023737549110400158,-0.003021460328692882,-2.0716088781707276,2881,True,
d1_rob_m5,2025-07-01 09:34,2025-07-01 10:12,2025-07-01 10:12,Tue,10,-0.07019818873046446,-0.04990536021100833,-2.029282851945613,2881,True,
d0_emp,2019-01-02 22:27,2019-01-02 23:59,2019-01-02 22:39,Wed,22,-0.14332712537973502,-0.010828747745374345,-13.249837763436068,1442,True,GBPJPYL:-13.2%; USDJPYL:-3.2%
d0_emp,2020-03-18 16:52,2020-03-20 06:04,2020-03-19 01:58,Thu,1,-0.1799669897609465,-0.08095870194358035,-9.900828781736614,1,False,EURAUDS:-5.2%; GBPCHFL:-5.2%; AUDCHFL:-4.0%
d0_emp,2016-10-06 23:07,2016-10-07 10:13,2016-10-06 23:09,Thu,23,-0.07151351459679456,-0.004822836947427134,-6.6690677649367425,6,False,GBPCHFL:-3.9%; GBPUSDL:-3.8%; USDJPYS:+0.1%
d0_emp,2022-09-23 10:48,2022-09-29 02:43,2022-09-26 00:59,Mon,0,-0.11248813469029084,-0.05822609074954144,-5.42620439407494,2881,True,GBPUSDL:-4.9%; EURUSDL:-2.6%; NZDCADL:-1.7%
d0_emp,2024-12-18 21:38,2024-12-18 23:59,2024-12-18 23:51,Wed,23,-0.06228963712387536,-0.016545310816498793,-4.5744326307376575,4,False,NZDUSDL:-2.5%; AUDUSDL:-1.2%; USDCADS:-0.8%
d0_emp,2024-04-26 07:11,2024-04-29 03:59,2024-04-29 01:35,Mon,1,-0.11369210539669206,-0.07003721112190264,-4.365489427478941,2885,True,USDJPYS:-5.1%; GBPJPYS:-4.9%; EURJPYS:-2.5%
d0_emp,2022-11-28 07:13,2022-11-28 11:59,2022-11-28 09:19,Mon,9,-0.048327005851294236,-0.005619120934976851,-4.2707884916317385,2881,True,
d0_emp,2021-02-24 01:06,2021-02-24 23:59,2021-02-24 01:23,Wed,1,-0.15041606100235838,-0.10781573132335354,-4.260032967900484,5,False,
d0_emp,2023-01-18 13:30,2023-01-18 15:17,2023-01-18 14:30,Wed,14,-0.04693082655852632,-0.0052396852043136155,-4.16911413542127,4,False,
d0_emp,2017-04-18 12:52,2017-04-18 19:59,2017-04-18 14:19,Tue,14,-0.04904735339645194,-0.008281620810653978,-4.0765732585797965,2884,True,
d0_emp,2022-10-13 12:30,2022-10-17 15:01,2022-10-13 12:45,Thu,12,-0.06338750843807162,-0.02277280547666627,-4.061470296140534,2,False,
d0_emp,2022-12-14 09:37,2022-12-15 14:20,2022-12-14 20:12,Wed,20,-0.048370376086594336,-0.007972447910279512,-4.039792817631483,4,False,
d0_emp,2018-12-20 17:05,2018-12-20 19:59,2018-12-20 19:10,Thu,19,-0.040129068453733985,0.0,-4.012906845373399,1,False,
d0_emp,2017-11-17 04:47,2017-11-21 01:47,2017-11-17 07:51,Fri,7,-0.08897948814519041,-0.05003658350280793,-3.894290464238248,1,False,
d0_emp,2018-01-25 02:05,2018-01-26 07:59,2018-01-25 03:31,Thu,3,-0.037928554434304984,-0.0008707523559179364,-3.7057802078387048,1,False,
d0_emp,2016-12-01 13:47,2016-12-05 03:59,2016-12-02 19:37,Fri,19,-0.06733847469146592,-0.030433226912904954,-3.690524777856097,2,False,
d0_emp,2017-07-28 00:57,2017-07-28 03:58,2017-07-28 02:40,Fri,2,-0.07769927924280762,-0.04172014602604013,-3.597913321676749,1,False,
d0_emp,2019-08-25 22:28,2019-08-26 06:54,2019-08-26 05:09,Mon,5,-0.03520430252898177,0.0,-3.520430252898177,2881,True,
d0_emp,2024-05-15 15:14,2024-05-20 01:10,2024-05-17 14:56,Fri,14,-0.05063255191776905,-0.016214445084993256,-3.4418106832775797,3,False,
d0_emp,2024-12-24 21:44,2024-12-24 23:15,2024-12-24 23:00,Tue,23,-0.07000463031888093,-0.03562800502165442,-3.4376625297226515,11,False,
d0_emp,2017-11-15 00:42,2017-11-15 03:59,2017-11-15 02:21,Wed,2,-0.05839227696465643,-0.0251768314670483,-3.321544549760813,1,False,
d0_emp,2021-11-30 05:21,2021-11-30 07:54,2021-11-30 06:06,Tue,6,-0.1209872306783466,-0.08907627019551778,-3.191096048282882,2881,True,
d0_emp,2023-03-08 17:59,2023-03-13 02:01,2023-03-10 18:49,Fri,18,-0.04605309938239954,-0.014935463370488455,-3.1117636011911087,4,False,
d0_emp,2025-07-02 12:19,2025-07-02 15:59,2025-07-02 14:26,Wed,14,-0.10090565958006414,-0.06982952620072524,-3.10761333793389,2,False,
d0_emp,2019-01-24 23:47,2019-01-24 23:59,2019-01-24 23:49,Thu,23,-0.07043012314480313,-0.040771272939799874,-2.965885020500325,1,False,
d0_emp,2025-06-30 15:09,2025-07-01 11:59,2025-06-30 15:59,Mon,15,-0.07485947560824835,-0.04578713111250454,-2.9072344495743807,2881,True,
d0_emp,2023-02-27 16:32,2023-02-28 07:59,2023-02-28 07:58,Tue,7,-0.03204480043223035,-0.0032827740641967473,-2.87620263680336,2881,True,
d0_emp,2024-12-20 10:13,2024-12-23 15:37,2024-12-20 11:58,Fri,11,-0.052234659250981696,-0.02361442978704209,-2.8620229463939606,4,False,
d0_emp,2024-11-22 09:11,2024-11-22 09:16,2024-11-22 09:14,Fri,9,-0.041539404109339206,-0.013475669864797646,-2.806373424454156,10,False,
d0_emp,2020-08-31 14:55,2020-09-01 11:59,2020-09-01 11:52,Tue,11,-0.07898649884856035,-0.05158428899614964,-2.740220985241071,2884,True,
d0_emp,2023-03-07 15:03,2023-03-07 15:59,2023-03-07 15:08,Tue,15,-0.0322753219262607,-0.005044719300722589,-2.7230602625538114,2881,True,
d0_emp,2022-12-07 10:23,2022-12-07 11:59,2022-12-07 10:51,Wed,10,-0.03582041572665551,-0.009353113434313554,-2.6467302292341954,3,False,
d0_emp,2023-12-28 09:38,2023-12-29 11:59,2023-12-28 09:44,Thu,9,-0.09201998934964917,-0.06577049933302492,-2.6249490016624244,4,False,
d0_emp,2022-03-06 23:54,2022-03-07 02:00,2022-03-07 01:51,Mon,1,-0.19440367808505743,-0.16856992290898953,-2.5833755176067896,2881,True,
d0_emp,2022-12-01 14:47,2022-12-01 15:16,2022-12-01 14:55,Thu,14,-0.0504853229014155,-0.024811121367736444,-2.5674201533679053,2,False,
d0_emp,2024-06-03 23:50,2024-06-06 15:59,2024-06-04 15:04,Tue,15,-0.04385937605157386,-0.018830724413232414,-2.502865163834145,2881,True,
d0_emp,2025-09-17 18:07,2025-09-17 18:19,2025-09-17 18:08,Wed,18,-0.0297662702640199,-0.004747181888312468,-2.5019088375707432,2,False,
d0_emp,2019-02-27 11:40,2019-02-28 15:56,2019-02-27 15:48,Wed,15,-0.034716353168150915,-0.009913889436213075,-2.480246373193784,2,False,
d0_emp,2021-02-04 13:49,2021-02-04 15:59,2021-02-04 15:40,Thu,15,-0.05212638823953741,-0.02748311392161762,-2.4643274317919794,4,False,
d0_emp,2020-06-03 15:09,2020-06-03 15:59,2020-06-03 15:38,Wed,15,-0.07323899912925458,-0.04893578834743173,-2.430321078182285,3,False,
d0_emp,2018-11-02 04:54,2018-11-02 07:12,2018-11-02 05:02,Fri,5,-0.05596749059854411,-0.03194737052609986,-2.402012007244425,2,False,
d0_emp,2025-06-26 08:39,2025-06-27 13:00,2025-06-26 15:57,Thu,15,-0.05669892217920769,-0.03275644999364513,-2.3942472185562558,3,False,
d0_emp,2023-08-17 01:33,2023-08-17 02:58,2023-08-17 01:34,Thu,1,-0.13041686347211834,-0.10650287919703316,-2.3913984275085176,5,False,
d0_emp,2018-05-29 07:36,2018-05-29 07:59,2018-05-29 07:59,Tue,7,-0.10249430846096363,-0.07883763573943059,-2.3656672721533045,2881,True,
d0_emp,2023-06-15 15:22,2023-06-15 15:59,2023-06-15 15:40,Thu,15,-0.03730491415984105,-0.013871333125711649,-2.3433581034129403,3,False,
d0_emp,2018-12-02 22:02,2018-12-02 23:59,2018-12-02 23:59,Sun,23,-0.042900139857361075,-0.019558562997606055,-2.334157685975502,2881,True,
d0_emp,2024-11-25 15:58,2024-11-25 17:29,2024-11-25 16:46,Mon,16,-0.02326408882157227,0.0,-2.326408882157227,2881,True,
d0_emp,2017-08-02 09:31,2017-08-02 10:46,2017-08-02 09:47,Wed,9,-0.10192995229800872,-0.07901906611615162,-2.2910886181857104,1,False,
d0_emp,2022-10-18 15:39,2022-10-18 15:59,2022-10-18 15:45,Tue,15,-0.045675506015090184,-0.022889600968669876,-2.2785905046420307,2881,True,
d0_emp,2022-09-30 18:54,2022-09-30 19:59,2022-09-30 19:35,Fri,19,-0.07571724652317191,-0.05306736688276881,-2.2649879640403103,3,False,
d0_emp,2017-02-07 17:27,2017-02-08 15:41,2017-02-08 14:53,Wed,14,-0.02217754167236785,0.0,-2.217754167236785,2,False,
d0_emp,2022-05-11 12:52,2022-05-11 13:00,2022-05-11 12:55,Wed,12,-0.18085052642483468,-0.1589495769716176,-2.190094945321708,3,False,
d0_emp,2022-12-02 17:38,2022-12-02 19:59,2022-12-02 19:17,Fri,19,-0.05698162038242516,-0.03514818503656769,-2.1833435345857466,3,False,
d0_emp,2023-01-19 19:35,2023-01-20 15:30,2023-01-19 19:45,Thu,19,-0.024320725884322436,-0.0024931554755291963,-2.182757040879324,2,False,
d0_emp,2021-12-01 18:48,2021-12-01 19:37,2021-12-01 19:19,Wed,19,-0.11656242555407814,-0.09478857600249024,-2.17738495515879,2,False,
d0_emp,2018-12-24 14:45,2018-12-24 15:08,2018-12-24 14:54,Mon,14,-0.02943215133466648,-0.007761159192864686,-2.1670992141801793,2881,True,
d0_emp,2016-11-23 15:41,2016-11-23 15:59,2016-11-23 15:59,Wed,15,-0.02146953201509627,0.0,-2.146953201509627,31,False,
d0_emp,2017-10-06 13:52,2017-10-06 14:11,2017-10-06 14:09,Fri,14,-0.027972031482685122,-0.006505183833306005,-2.1466847649379117,1,False,
d0_emp,2022-09-08 03:50,2022-09-08 03:52,2022-09-08 03:51,Thu,3,-0.04672100759699571,-0.02535916267134397,-2.136184492565174,2,False,
d0_emp,2017-06-02 13:40,2017-06-02 14:09,2017-06-02 14:06,Fri,14,-0.03630463525965921,-0.014960298517555648,-2.1344336742103565,2,False,
d0_emp,2019-01-23 15:38,2019-01-23 15:40,2019-01-23 15:38,Wed,15,-0.03577689160746267,-0.014784712835040126,-2.0992178772422543,2,False,
d0_emp,2023-01-03 09:17,2023-01-03 09:27,2023-01-03 09:17,Tue,9,-0.036586807704300006,-0.01561379686171438,-2.0973010842585627,2885,True,
d0_emp,2017-05-22 10:25,2017-05-22 10:25,2017-05-22 10:25,Mon,10,-0.0359470386845504,-0.015607529630244699,-2.0339509054305704,2881,True,
d0_emp,2023-07-12 14:48,2023-07-12 14:48,2023-07-12 14:48,Wed,14,-0.10541109913779967,-0.08512924874701178,-2.028185039078789,4,False,
d0_emp,2026-02-11 19:24,2026-02-11 19:24,2026-02-11 19:24,Wed,19,-0.03191872933469164,-0.011647475311293287,-2.0271254023398355,4,False,
d0_emp,2017-06-14 14:43,2017-06-14 14:57,2017-06-14 14:47,Wed,14,-0.07449841449777217,-0.054241367655688766,-2.0257046842083404,2,False,
d0_emp,2021-12-03 15:44,2021-12-03 15:47,2021-12-03 15:46,Fri,15,-0.152003604592438,-0.1319237044839111,-2.0079900108526894,3,False,
d1_emp,2019-01-02 22:27,2019-01-02 23:59,2019-01-02 22:39,Wed,22,-0.15109796837562184,-0.010020231564484838,-14.1077736811137,1442,True,GBPJPYL:-13.1%; USDJPYL:-3.3%
d1_emp,2020-03-18 16:48,2020-03-20 06:05,2020-03-19 01:58,Thu,1,-0.15126545851097573,-0.059355105491533555,-9.191035301944217,1,False,GBPCHFL:-5.0%; EURAUDS:-4.9%; AUDCHFL:-4.2%
d1_emp,2016-10-06 23:07,2016-10-07 10:13,2016-10-06 23:09,Thu,23,-0.0751455782087973,-0.0051103741383090595,-7.003520407048825,6,False,GBPCHFL:-4.2%; GBPUSDL:-4.0%; EURJPYS:+0.1%
d1_emp,2022-09-23 18:32,2022-09-29 02:56,2022-09-26 00:59,Mon,0,-0.10470400132369972,-0.045457898557226706,-5.924610276647302,2881,True,GBPUSDL:-4.4%; NZDCADL:-2.5%; EURUSDL:-2.4%
d1_emp,2024-04-26 07:07,2024-04-29 03:59,2024-04-29 01:35,Mon,1,-0.12070270968484109,-0.07421887105789904,-4.648383862694205,2885,True,GBPJPYS:-5.4%; USDJPYS:-5.3%; EURJPYS:-2.6%
d1_emp,2022-11-28 07:03,2022-11-28 11:59,2022-11-28 09:19,Mon,9,-0.051727321121009084,-0.006025177718634089,-4.5702143402374995,2881,True,NZDCADS:-2.1%; EURCADS:-1.4%; GBPUSDS:-1.2%
d1_emp,2021-02-24 01:06,2021-02-24 23:59,2021-02-24 01:23,Wed,1,-0.15693431334116037,-0.11142915960588673,-4.5505153735273645,5,False,
d1_emp,2017-11-17 04:33,2017-11-21 08:33,2017-11-17 07:51,Fri,7,-0.08805833153900511,-0.04451623912954539,-4.354209240945972,1,False,
d1_emp,2017-04-18 17:41,2017-04-18 19:59,2017-04-18 17:41,Tue,17,-0.05226993485858922,-0.01073911407273409,-4.153082078585513,2884,True,
d1_emp,2016-12-02 03:16,2016-12-06 06:58,2016-12-02 19:37,Fri,19,-0.07317733790257153,-0.03375938143434898,-3.941795646822255,2,False,
d1_emp,2024-05-15 12:30,2024-05-21 01:51,2024-05-17 14:56,Fri,14,-0.045498194786427804,-0.007336533060331996,-3.816166172609581,3,False,
d1_emp,2024-12-18 19:55,2024-12-26 07:31,2024-12-24 23:00,Tue,23,-0.06841349612792569,-0.03036237797926944,-3.805111814865625,11,False,
d1_emp,2017-07-28 00:57,2017-07-28 03:59,2017-07-28 02:40,Fri,2,-0.07640790923740326,-0.03852548231549613,-3.788242692190713,1,False,
d1_emp,2018-01-25 02:05,2018-01-26 07:59,2018-01-25 03:31,Thu,3,-0.04085611432711733,-0.003030468247727458,-3.7825646079389874,1,False,
d1_emp,2017-11-15 00:31,2017-11-15 03:59,2017-11-15 02:21,Wed,2,-0.0595396030728369,-0.02214810789364574,-3.739149517919116,1,False,
d1_emp,2018-12-20 17:14,2018-12-20 19:59,2018-12-20 19:12,Thu,19,-0.056673177309073175,-0.02048136061655037,-3.6191816692522805,1,False,
d1_emp,2023-03-08 16:30,2023-03-13 02:12,2023-03-08 18:50,Wed,18,-0.036021680396079,0.0,-3.6021680396079003,7,False,
d1_emp,2021-11-29 15:58,2021-11-30 15:59,2021-11-30 06:06,Tue,6,-0.11240742140866544,-0.07812485843271233,-3.4282562975953113,2881,True,
d1_emp,2025-07-02 12:18,2025-07-02 15:59,2025-07-02 14:26,Wed,14,-0.09888133006999922,-0.06503193881698444,-3.3849391253014782,2,False,
d1_emp,2022-10-14 14:45,2022-10-14 15:59,2022-10-14 15:00,Fri,15,-0.03373446524530255,0.0,-3.3734465245302547,2,False,
d1_emp,2019-01-24 23:47,2019-01-24 23:59,2019-01-24 23:49,Thu,23,-0.06286668553035057,-0.029370349997516088,-3.3496335532834487,1,False,
d1_emp,2022-12-14 09:42,2022-12-15 14:23,2022-12-14 20:12,Wed,20,-0.053047504386786515,-0.020450985320231707,-3.2596519066554808,4,False,
d1_emp,2024-11-22 09:11,2024-11-22 09:17,2024-11-22 09:14,Fri,9,-0.04467768621725543,-0.014377754288528055,-3.0299931928727375,10,False,
d1_emp,2023-02-27 16:32,2023-02-28 07:59,2023-02-28 07:58,Tue,7,-0.03390165201608841,-0.004310775281050727,-2.9590876735037686,2881,True,
d1_emp,2025-06-30 15:46,2025-07-01 11:59,2025-07-01 10:12,Tue,10,-0.10034810453375476,-0.07147102318608001,-2.887708134767475,2881,True,
d1_emp,2024-06-03 20:17,2024-06-06 17:46,2024-06-04 15:04,Tue,15,-0.03471153930700943,-0.006413056733572731,-2.82984825734367,2881,True,
d1_emp,2022-03-06 23:31,2022-03-07 02:09,2022-03-07 01:51,Mon,1,-0.2041407682379559,-0.17612425447470148,-2.8016513763254425,2881,True,
d1_emp,2023-12-28 09:37,2023-12-29 11:59,2023-12-28 09:44,Thu,9,-0.09474238890906728,-0.0670839426377543,-2.7658446271312975,4,False,
d1_emp,2022-12-07 10:22,2022-12-07 11:59,2022-12-07 10:51,Wed,10,-0.048425452051054974,-0.020937927348844365,-2.748752470221061,3,False,
d1_emp,2020-08-31 14:56,2020-09-01 11:59,2020-09-01 11:52,Tue,11,-0.08693762562176688,-0.05961958552052782,-2.731804010123906,2884,True,
d1_emp,2025-09-17 18:04,2025-09-17 18:22,2025-09-17 18:08,Wed,18,-0.030438521776665617,-0.003483124990857789,-2.695539678580783,2,False,
d1_emp,2022-10-18 14:51,2022-10-18 15:59,2022-10-18 15:45,Tue,15,-0.026462019534293058,0.0,-2.6462019534293058,2881,True,
d1_emp,2021-02-04 13:44,2021-02-04 15:59,2021-02-04 15:40,Thu,15,-0.05980502016907796,-0.03343063219370157,-2.637438797537639,4,False,
d1_emp,2019-08-25 22:24,2019-08-26 05:54,2019-08-26 05:09,Mon,5,-0.03245139069917735,-0.006228795985062763,-2.622259471411459,2881,True,
d1_emp,2025-06-26 08:34,2025-06-27 13:01,2025-06-26 15:57,Thu,15,-0.05780461065454412,-0.03164870323659963,-2.615590741794449,3,False,
d1_emp,2018-11-02 04:50,2018-11-02 07:27,2018-11-02 05:02,Fri,5,-0.07203022146021965,-0.04644327245037505,-2.5586949009844595,2,False,
d1_emp,2023-06-15 14:59,2023-06-15 15:59,2023-06-15 15:40,Thu,15,-0.047853631174605726,-0.022498884729990398,-2.535474644461533,3,False,
d1_emp,2018-05-29 07:35,2018-05-29 07:59,2018-05-29 07:59,Tue,7,-0.11357554465250008,-0.08839780049185575,-2.5177744160644333,2881,True,
d1_emp,2024-11-25 15:57,2024-11-26 15:37,2024-11-25 16:46,Mon,16,-0.025099078103728134,0.0,-2.5099078103728134,2881,True,
d1_emp,2022-12-01 14:50,2022-12-01 15:15,2022-12-01 14:55,Thu,14,-0.055357155884987796,-0.03064286957272888,-2.4714286312258915,2,False,
d1_emp,2022-09-30 18:43,2022-09-30 19:59,2022-09-30 19:35,Fri,19,-0.06007316458709022,-0.03544029867427578,-2.463286591281444,3,False,
d1_emp,2018-12-02 22:00,2018-12-02 23:59,2018-12-02 23:59,Sun,23,-0.07770834035099095,-0.05308466161936565,-2.46236787316253,2881,True,
d1_emp,2020-06-03 15:11,2020-06-03 15:59,2020-06-03 15:38,Wed,15,-0.07567269145045119,-0.05147008962902566,-2.420260182142553,3,False,
d1_emp,2017-02-08 14:40,2017-02-08 15:44,2017-02-08 14:53,Wed,14,-0.024026023028859034,-0.0001682986157763855,-2.385772441308265,2,False,
d1_emp,2022-09-07 11:38,2022-09-08 14:50,2022-09-08 14:04,Thu,14,-0.03308134249657868,-0.009260470396775689,-2.382087209980299,2,False,
d1_emp,2017-08-02 09:31,2017-08-02 10:48,2017-08-02 09:47,Wed,9,-0.10260345455675901,-0.07882954754872218,-2.377390700803683,1,False,
d1_emp,2017-10-06 12:53,2017-10-06 14:13,2017-10-06 14:09,Fri,14,-0.03007088720325224,-0.006637962272365572,-2.3432924930886667,1,False,
d1_emp,2022-05-11 12:50,2022-05-11 13:04,2022-05-11 12:55,Wed,12,-0.1904137081955073,-0.1669960180149468,-2.34176901805605,3,False,
d1_emp,2021-12-01 18:45,2021-12-01 19:59,2021-12-01 19:19,Wed,19,-0.10769213756918394,-0.08429908327776292,-2.3393054291421023,2,False,
d1_emp,2016-11-23 15:33,2016-11-23 15:59,2016-11-23 15:59,Wed,15,-0.023346222646146386,0.0,-2.3346222646146386,31,False,
d1_emp,2023-01-19 18:39,2023-01-20 15:31,2023-01-19 19:45,Thu,19,-0.02589456363712006,-0.0026479191281550962,-2.3246644508964964,2,False,
d1_emp,2022-10-21 13:58,2022-10-21 14:23,2022-10-21 14:06,Fri,14,-0.04608295968431131,-0.023225994136164885,-2.2856965548146424,3,False,
d1_emp,2022-12-02 17:35,2022-12-02 19:59,2022-12-02 19:17,Fri,19,-0.06655707115027565,-0.04389860873935303,-2.265846241092262,3,False,
d1_emp,2017-06-02 13:40,2017-06-02 15:40,2017-06-02 14:06,Fri,14,-0.03540142429472015,-0.013470351070865028,-2.1931073223855124,2,False,
d1_emp,2024-05-22 02:01,2024-05-22 07:59,2024-05-22 06:51,Wed,6,-0.04142815229599994,-0.01955216634602175,-2.1875985949978194,3,False,
d1_emp,2021-12-03 15:42,2021-12-03 15:59,2021-12-03 15:46,Fri,15,-0.14616994832095953,-0.12447642664765357,-2.169352167330596,3,False,
d1_emp,2023-07-12 14:43,2023-07-12 15:49,2023-07-12 14:48,Wed,14,-0.12154908949524679,-0.10001981947459271,-2.152927002065408,4,False,
d1_emp,2026-03-08 22:15,2026-03-08 22:17,2026-03-08 22:16,Sun,22,-0.0765075854916587,-0.054991236683861744,-2.151634880779696,2821,True,
d1_emp,2017-05-09 14:35,2017-05-09 14:44,2017-05-09 14:40,Tue,14,-0.04046556455885486,-0.019102818412223943,-2.1362746146630918,2881,True,
d1_emp,2026-02-11 03:31,2026-02-11 03:59,2026-02-11 03:47,Wed,3,-0.030429150993458665,-0.009086473315159993,-2.134267767829867,4,False,
d1_emp,2023-08-17 01:34,2023-08-17 01:43,2023-08-17 01:34,Thu,1,-0.1494293774880836,-0.12826655738810178,-2.1162820099981827,5,False,
d1_emp,2022-11-24 14:57,2022-11-24 14:59,2022-11-24 14:58,Thu,14,-0.05901017333354086,-0.03787142136130561,-2.113875197223525,2,False,
d1_emp,2023-01-24 06:48,2023-01-25 03:53,2023-01-25 03:49,Wed,3,-0.03428159833398725,-0.013201735867457098,-2.1079862466530153,7,False,
d1_emp,2017-06-14 14:43,2017-06-14 14:59,2017-06-14 14:47,Wed,14,-0.07621490895594119,-0.055445184771041656,-2.076972418489953,2,False,
d1_emp,2017-05-22 10:25,2017-05-22 10:26,2017-05-22 10:25,Mon,10,-0.035426302374688357,-0.01467593905080089,-2.0750363323887466,2881,True,
d1_emp,2026-03-31 14:57,2026-03-31 14:57,2026-03-31 14:57,Tue,14,-0.08357114749821981,-0.06284203297332691,-2.07291145248929,2881,True,
d1_emp,2018-02-14 03:56,2018-02-14 03:59,2018-02-14 03:56,Wed,3,-0.02158556183486804,-0.0008862283613095823,-2.0699333473558457,1,False,
d1_emp,2023-05-26 15:20,2023-05-26 15:24,2023-05-26 15:23,Fri,15,-0.04927713326258243,-0.028627640608941962,-2.0649492653640467,9,False,
d1_emp,2025-06-25 07:42,2025-06-25 07:46,2025-06-25 07:43,Wed,7,-0.023734260523307626,-0.003094454848243222,-2.0639805675064404,3,False,
d1_emp,2023-01-03 09:17,2023-01-03 09:27,2023-01-03 09:17,Tue,9,-0.03835363761083466,-0.01782315068112017,-2.0530486929714487,2885,True,
d1_emp,2019-10-02 09:09,2019-10-02 09:21,2019-10-02 09:21,Wed,9,-0.0328305548054898,-0.012473414130218297,-2.03571406752715,1,False,
d1_emp,2022-05-16 03:21,2022-05-16 03:21,2022-05-16 03:21,Mon,3,-0.18817887490779395,-0.16802621369925386,-2.015266120854009,2885,True,
